1, Cruises 
1, Destinations 
1, Holidays 
1, Transportations
2, Football 
2, Basketball 
2, Volleyball 
2, Handball
3, Bistro 
3, Brunch 
3, Caffee 
3, Dinning 
3, Fast Food
4, Apartmant 
4, Building area 
4, Condo 
4, House 
4, Villa
5, Bars&Pubs 
5, Concert 
5, Cinema 
5, Disco 
5, Theater
6, Dental 
6, Dermatology 
6, Neurology
6, Pediatrics
7, Cook 
7, Hairdresser
7, Management
7, Waiter
7, Worker
8, Mechanics
8, Gas
8, Stations
8, Parts
8, Repair
8, Tires
9, Home
9, stay
9, Hotel
9, Camping
9, Guesthouse